{
    "parameters": {
      "pi": 3.141592653589793,
      "mu": 9.0,
      "mu2": 81.0,
      "C_A": 0.1224779316649554,
      "C_B": 0.1817834948172661,
      "C": 0.1224779316649554,
      "psi_y": 1.0,
      "alpha": -81.0
    },
  
    "alpha": -81.0,
  
    "exact": {
      "u": "C_A*cos(mu*x) + C_B*sin(mu*x) - C"
    },
  
    "source": "mu2*C",
  
    "dirichlet": {
      "left": "0.0",
      "right": "-psi_y/(2*pi)"
    }
  }
  